seq,chebi_id,binding_sites
A0A1B0GTW7,29105,"[305, 309, 385]"
A1L3X0,65115,"[124, 137, 139, 142, 147, 187, 204, 208, 211, 266]"
A2RUC4,16810,"[106, 166, 175]"
A2RUC4,24875,"[160, 162, 235]"
A7MCY6,29105,"[586, 589, 605, 609]"
C9JRZ8,58349,"[20, 44, 111, 184, 210, 261]"
O00116,57692,"[234, 303, 316, 368]"
O00159,30616,"[88, 96, 139, 192]"
O00214,16646,"[69, 79, 89]"
O00214,28034,[249]
O00444,30616,"[18, 41]"
O00487,29105,"[113, 115, 126]"
O00506,30616,"[26, 49]"
O00560,58456,"[215, 250]"
O00635,29105,"[93, 96, 115, 121]"
O00746,30616,"[45, 93, 121, 127, 138, 148]"
O14618,23378,"[22, 25, 244, 246]"
O14618,29105,"[147, 155, 164, 167]"
O14638,29105,"[167, 204, 226, 329, 372, 373, 483]"
O14638,29108,"[752, 754, 756, 758, 760]"
O14657,30616,[109]
O14744,59789,"[324, 333, 392, 419]"
O14744,16541,"[327, 435, 444]"
O14756,57540,[33]
O14757,30616,"[15, 38]"
O14960,29105,"[53, 57, 138]"
O14975,456215,[222]
