2,21,15,8,16,14,13,10,9,11,6,7,12,24,20,8,8,6,5,6,10,17,15,9,19,19,5,13,9,12,14,12,21,12,21,6,21,6,13,11,10,19,5,7,9,14,9,5,12,8,10,20,6,8,16,12,16,17,7,23,13,12,24,9,15,15,19,12,12,15,10,14,14,7,9,8,20,20,10,9,9,6,12,12,12,8,9,8,5,14,15,14,20,12,10,20,6,8,11,20,6,15,13,8,12,14,7,13,15,5,22,21,21,13,5,20,10,13,10,16,9,8,10,16,6,6,15,6,11,19,13,12,5,6,7,9,13,17,20,15,14,9,21,8,6,21,5,16,13,18,9,9,23,15,8,14,9,8,3,0,0,0,0,0,0,0,0,0,0,0,0,0,0,0,0,0,0,0,0,0,0,0,0,0,0,0,0,0,0,0,0,0,0,0,0,0,0,0,0,0,0,0,0,0,0,0,0,0,0,0,0,0,0,0,0,0,0,0,0,0,0,0,0,0,0,0,0,0,0,0,0,0,0,0,0,0,0,0,0,0,0,0,0,0,0,0,0,0,0,0,0,0,0,0,0,0,0,0,0,0,0,0,0,0,0,0,0,0,0,0,0,0,0,0,0,0,0,0,0,0,0,0,0,0,0,0,0,0,0,0,0,0,0,0,0,0,0,0,0,0,0,0,0,0,0,0,0,0,0,0,0,0,0,0,0,0,0,0,0,0,0,0,0,0,0,0,0,0,0,0,0,0,0,0,0,0,0,0,0,0,0,0,0,0,0,0,0,0,0,0,0,0,0,0,0,0,0,0,0,0,0,0,0,0,0,0,0,0,0,0,0,0,0,0,0,0,0,0,0,0,0,0,0,0,0,0,0,0,0,0,0,0,0,0,0,0,0,0,0,0,0,0,0,0,0,0,0,0,0,0,0,0,0,0,0,0
2,6,16,18,15,11,15,9,5,23,10,9,20,13,17,15,18,11,20,15,11,17,14,12,11,5,10,20,15,9,10,21,6,7,12,13,9,21,8,11,11,15,19,12,10,7,9,15,19,18,8,9,8,16,7,10,18,22,11,14,10,18,12,12,6,11,9,13,21,12,14,15,5,13,11,15,20,5,15,9,15,12,11,14,12,5,23,8,24,17,17,12,15,16,17,10,11,6,6,11,10,21,12,17,3,0,0,0,0,0,0,0,0,0,0,0,0,0,0,0,0,0,0,0,0,0,0,0,0,0,0,0,0,0,0,0,0,0,0,0,0,0,0,0,0,0,0,0,0,0,0,0,0,0,0,0,0,0,0,0,0,0,0,0,0,0,0,0,0,0,0,0,0,0,0,0,0,0,0,0,0,0,0,0,0,0,0,0,0,0,0,0,0,0,0,0,0,0,0,0,0,0,0,0,0,0,0,0,0,0,0,0,0,0,0,0,0,0,0,0,0,0,0,0,0,0,0,0,0,0,0,0,0,0,0,0,0,0,0,0,0,0,0,0,0,0,0,0,0,0,0,0,0,0,0,0,0,0,0,0,0,0,0,0,0,0,0,0,0,0,0,0,0,0,0,0,0,0,0,0,0,0,0,0,0,0,0,0,0,0,0,0,0,0,0,0,0,0,0,0,0,0,0,0,0,0,0,0,0,0,0,0,0,0,0,0,0,0,0,0,0,0,0,0,0,0,0,0,0,0,0,0,0,0,0,0,0,0,0,0,0,0,0,0,0,0,0,0,0,0,0,0,0,0,0,0,0,0,0,0,0,0,0,0,0,0,0,0,0,0,0,0,0,0,0,0,0,0,0,0,0,0,0,0,0,0,0,0,0,0,0,0,0,0,0,0,0,0,0,0,0,0,0,0,0,0,0,0,0,0,0,0,0,0,0,0
2,8,9,15,19,6,19,18,6,9,11,6,18,5,21,10,5,11,11,17,15,19,20,10,17,12,9,11,19,5,13,9,5,11,10,17,10,10,14,6,5,14,12,11,13,20,9,10,5,15,14,16,10,12,5,14,10,7,12,9,5,22,11,17,5,11,16,17,12,18,14,13,15,5,15,11,8,14,15,7,11,7,21,15,12,6,14,5,11,17,17,5,7,15,11,6,12,10,7,15,12,6,19,21,9,6,5,18,6,7,6,14,11,10,21,11,7,18,19,7,8,7,19,20,10,6,20,5,8,6,9,12,8,15,8,11,15,12,22,17,14,14,9,18,20,6,24,9,10,10,6,7,7,10,19,15,8,13,15,14,15,7,9,16,21,7,13,7,15,12,8,11,5,22,5,12,9,14,18,15,9,20,5,9,9,13,13,11,12,9,11,8,12,12,22,10,18,19,11,7,20,16,11,15,5,19,8,9,3,0,0,0,0,0,0,0,0,0,0,0,0,0,0,0,0,0,0,0,0,0,0,0,0,0,0,0,0,0,0,0,0,0,0,0,0,0,0,0,0,0,0,0,0,0,0,0,0,0,0,0,0,0,0,0,0,0,0,0,0,0,0,0,0,0,0,0,0,0,0,0,0,0,0,0,0,0,0,0,0,0,0,0,0,0,0,0,0,0,0,0,0,0,0,0,0,0,0,0,0,0,0,0,0,0,0,0,0,0,0,0,0,0,0,0,0,0,0,0,0,0,0,0,0,0,0,0,0,0,0,0,0,0,0,0,0,0,0,0,0,0,0,0,0,0,0,0,0,0,0,0,0,0,0,0,0,0,0,0,0,0,0,0,0,0,0,0,0,0,0,0,0,0,0,0,0,0,0,0,0,0,0,0,0,0,0,0,0,0,0,0,0,0,0,0,0,0,0,0,0,0,0,0,0,0,0,0
2,6,6,16,19,14,12,10,12,17,8,6,18,10,11,14,18,5,11,7,18,15,16,6,5,20,5,17,12,5,17,17,15,12,6,12,8,8,5,12,21,9,23,9,17,16,21,6,10,8,12,14,13,5,7,19,6,11,20,14,12,6,9,12,9,7,12,5,11,16,7,12,10,11,8,8,9,10,10,10,7,17,15,7,8,10,5,6,22,5,7,6,11,13,7,20,12,8,11,11,15,21,16,9,10,21,10,5,9,13,13,23,5,5,13,11,19,7,6,9,8,11,5,15,16,6,6,5,7,21,12,7,6,8,6,21,6,12,12,11,8,6,6,17,16,17,6,8,5,6,14,18,19,6,15,12,20,17,6,5,11,22,9,9,15,15,7,16,9,11,24,9,18,15,17,22,17,8,14,23,19,11,6,7,8,7,15,7,7,15,5,15,7,8,6,13,6,5,12,12,21,7,10,22,6,13,11,8,6,8,9,16,15,9,10,16,8,5,10,7,7,12,16,7,16,22,12,11,18,7,11,7,16,7,19,8,16,14,8,5,14,13,10,5,11,14,9,8,5,23,8,6,7,14,14,6,11,9,15,6,5,12,5,15,13,10,14,7,8,19,23,7,19,10,7,7,6,17,8,20,6,6,5,12,11,6,9,13,16,9,21,9,7,12,15,11,8,15,8,11,16,10,19,7,9,13,20,5,10,15,15,5,20,13,10,8,13,14,9,8,3,0,0,0,0,0,0,0,0,0,0,0,0,0,0,0,0,0,0,0,0,0,0,0,0,0,0,0,0,0,0,0,0,0,0,0,0,0,0,0,0,0,0,0,0,0,0,0,0,0,0,0,0,0,0,0,0,0,0,0,0,0,0,0,0,0,0,0,0,0,0,0,0,0,0,0,0,0,0,0,0,0,0,0,0,0,0,0,0,0,0,0,0,0,0,0
2,20,11,15,19,13,10,19,15,6,8,5,11,6,19,19,5,15,5,8,5,10,16,10,19,11,17,13,5,13,12,11,18,13,12,12,20,15,16,15,21,7,7,11,8,11,5,11,8,8,15,5,10,15,5,5,5,21,13,24,14,11,12,20,15,24,8,8,5,5,10,19,5,10,19,7,15,11,7,19,24,14,14,20,8,12,5,12,17,12,12,7,11,10,11,12,15,12,19,5,5,18,8,5,10,6,10,5,11,10,8,5,11,20,20,24,6,14,11,14,15,11,5,20,19,16,19,19,12,9,5,20,8,14,5,7,8,5,20,5,16,19,6,8,19,8,11,8,7,10,6,17,6,8,17,5,15,14,7,5,14,7,5,6,11,7,16,6,21,15,15,6,15,6,5,7,8,8,6,20,6,8,7,22,10,12,11,6,18,20,5,17,11,16,20,8,16,20,6,7,9,5,15,8,19,23,19,6,5,8,7,6,7,5,7,19,5,24,19,17,10,19,16,6,18,21,19,21,7,14,8,7,10,5,10,11,7,6,10,5,6,15,8,6,5,5,15,12,10,9,19,11,19,6,8,6,6,7,8,19,8,19,9,15,11,10,8,11,5,18,11,11,20,19,13,24,15,16,19,22,22,22,5,9,5,17,7,5,16,9,16,12,11,8,8,13,21,24,11,11,10,11,5,5,6,11,11,6,11,10,21,5,12,5,3,0,0,0,0,0,0,0,0,0,0,0,0,0,0,0,0,0,0,0,0,0,0,0,0,0,0,0,0,0,0,0,0,0,0,0,0,0,0,0,0,0,0,0,0,0,0,0,0,0,0,0,0,0,0,0,0,0,0,0,0,0,0,0,0,0,0,0,0,0,0,0,0,0,0,0,0,0,0,0,0,0,0,0,0,0,0,0,0,0,0,0,0,0,0,0,0,0,0,0,0,0
2,7,10,19,8,9,21,8,14,17,5,13,7,12,10,7,18,7,20,20,8,9,21,15,8,7,10,16,16,18,15,5,17,11,5,8,14,15,7,10,10,17,19,6,8,7,6,6,16,22,16,19,5,22,13,20,20,18,13,18,5,10,10,15,20,13,14,5,13,12,7,8,20,8,16,20,15,18,7,12,24,9,7,9,5,7,15,14,5,8,10,11,16,22,7,16,17,8,15,8,13,6,17,11,6,6,11,15,9,10,14,12,19,19,11,17,7,10,17,24,9,7,11,5,7,5,6,20,6,9,11,6,13,16,14,14,10,5,9,16,19,19,14,10,5,8,12,18,15,22,8,16,17,5,19,10,5,18,5,23,7,18,10,9,8,5,6,10,8,7,7,10,21,11,11,7,7,11,14,22,10,5,20,15,7,10,5,24,20,15,16,11,13,13,9,24,20,20,9,8,11,11,8,13,8,9,11,17,7,18,14,5,12,21,14,23,12,9,20,17,20,14,12,10,11,8,14,10,7,15,15,17,5,13,5,16,12,12,8,19,9,6,6,8,12,10,11,12,6,6,10,10,15,9,12,19,16,14,7,19,24,5,7,9,18,5,8,23,24,18,6,7,15,15,16,24,17,11,19,16,8,11,10,5,20,5,21,7,9,8,15,17,18,10,19,13,11,15,11,5,16,18,18,20,5,13,16,8,9,14,8,6,15,10,18,14,14,23,20,12,19,6,11,10,18,10,10,15,7,15,8,21,7,6,8,11,21,9,7,19,20,8,8,19,14,13,6,13,12,13,11,7,19,6,8,10,6,23,22,8,22,14,9,19,13,15,6,6,8,9,7,16,19,8,15,5,14,21,9,14,23,7,20,17,11,16,18,15,14,9,10,13,10,22,22,22,22,22,3,0,0,0,0,0,0,0,0,0,0,0,0,0,0,0,0,0
2,10,10,14,14,24,9,11,16,14,7,18,11,15,8,7,18,13,11,7,10,7,10,19,7,15,8,20,12,7,12,24,22,7,14,8,6,8,12,21,5,17,8,15,6,16,15,16,18,18,5,18,6,19,12,17,9,8,7,8,5,13,12,15,13,22,8,17,11,5,5,19,21,7,20,10,15,12,16,18,5,6,11,8,15,18,24,23,9,7,10,10,5,20,22,22,5,22,11,11,9,15,12,19,9,21,11,12,5,11,14,11,6,13,18,15,6,18,7,21,14,20,5,22,6,12,10,11,11,22,13,14,5,12,10,17,17,11,19,5,22,9,14,5,15,8,12,11,7,14,19,7,10,7,10,11,5,24,21,6,16,9,8,11,13,21,12,17,16,20,10,19,18,10,14,8,20,6,19,7,11,8,5,20,9,5,21,15,7,18,5,16,20,10,17,11,17,17,13,14,18,11,11,19,21,8,7,13,7,20,5,10,16,14,5,10,12,8,13,10,17,23,16,12,6,21,12,13,5,21,6,9,23,5,12,12,12,13,14,9,13,16,5,19,16,18,11,5,6,10,11,9,5,5,6,13,10,5,3,0,0,0,0,0,0,0,0,0,0,0,0,0,0,0,0,0,0,0,0,0,0,0,0,0,0,0,0,0,0,0,0,0,0,0,0,0,0,0,0,0,0,0,0,0,0,0,0,0,0,0,0,0,0,0,0,0,0,0,0,0,0,0,0,0,0,0,0,0,0,0,0,0,0,0,0,0,0,0,0,0,0,0,0,0,0,0,0,0,0,0,0,0,0,0,0,0,0,0,0,0,0,0,0,0,0,0,0,0,0,0,0,0,0,0,0,0,0,0,0,0,0,0,0,0,0,0,0,0,0,0,0,0,0,0,0,0,0,0,0,0,0,0,0,0,0,0,0,0,0,0,0,0,0,0,0,0
2,7,21,13,8,20,5,7,6,14,22,6,7,20,9,5,12,18,13,11,11,9,22,5,12,18,15,7,22,9,16,11,14,23,7,6,5,13,20,14,6,14,14,14,20,16,6,19,23,11,6,6,6,15,13,15,8,6,14,16,7,10,5,7,11,8,5,7,7,10,7,17,7,9,18,11,6,6,17,12,8,16,7,6,13,23,6,5,6,24,10,8,18,15,6,6,5,6,13,9,22,17,17,6,18,5,11,7,11,7,7,13,21,22,15,8,6,9,6,5,6,11,8,14,6,19,8,15,15,16,24,10,12,6,18,13,22,18,13,13,11,14,11,5,6,9,20,9,13,15,22,9,6,16,16,8,16,3,0,0,0,0,0,0,0,0,0,0,0,0,0,0,0,0,0,0,0,0,0,0,0,0,0,0,0,0,0,0,0,0,0,0,0,0,0,0,0,0,0,0,0,0,0,0,0,0,0,0,0,0,0,0,0,0,0,0,0,0,0,0,0,0,0,0,0,0,0,0,0,0,0,0,0,0,0,0,0,0,0,0,0,0,0,0,0,0,0,0,0,0,0,0,0,0,0,0,0,0,0,0,0,0,0,0,0,0,0,0,0,0,0,0,0,0,0,0,0,0,0,0,0,0,0,0,0,0,0,0,0,0,0,0,0,0,0,0,0,0,0,0,0,0,0,0,0,0,0,0,0,0,0,0,0,0,0,0,0,0,0,0,0,0,0,0,0,0,0,0,0,0,0,0,0,0,0,0,0,0,0,0,0,0,0,0,0,0,0,0,0,0,0,0,0,0,0,0,0,0,0,0,0,0,0,0,0,0,0,0,0,0,0,0,0,0,0,0,0,0,0,0,0,0,0,0,0,0,0,0,0,0,0,0,0,0,0,0,0,0,0,0,0,0,0,0,0,0,0,0,0,0,0,0,0,0,0,0
2,16,19,16,5,15,10,21,14,12,6,19,11,15,8,5,9,21,15,16,8,5,7,15,9,11,11,17,20,13,14,7,21,7,13,8,5,6,18,14,8,20,6,12,14,17,5,16,16,19,16,6,10,8,12,14,7,20,6,8,13,6,6,14,7,16,7,14,13,19,11,11,7,9,10,18,6,7,9,18,16,15,18,15,8,21,16,7,18,8,21,13,8,15,15,7,6,16,11,16,23,7,6,14,6,8,8,18,8,9,14,15,9,5,11,13,9,10,14,14,7,15,9,9,5,9,8,13,11,5,8,18,6,13,16,7,18,14,11,13,16,11,7,22,14,11,12,13,7,9,23,8,5,6,12,7,15,22,21,7,16,10,9,11,7,5,5,6,15,8,7,8,15,9,8,9,8,17,12,19,16,8,8,6,8,21,10,15,7,17,9,5,5,17,16,9,14,14,5,5,16,7,12,11,13,14,10,17,13,10,15,5,5,6,15,11,18,9,22,7,20,16,15,11,17,5,7,11,8,7,14,17,16,14,14,5,5,17,6,5,17,9,7,11,10,13,6,14,8,11,11,15,10,7,7,8,10,7,9,12,14,20,5,12,18,8,5,14,11,14,5,22,6,18,11,22,19,7,13,8,19,21,12,16,7,5,16,15,15,19,6,15,5,14,11,14,7,8,13,12,11,11,19,6,5,16,7,17,16,8,10,6,8,8,15,23,17,5,19,8,8,16,6,5,13,12,21,18,7,11,5,14,16,13,16,15,11,11,12,6,13,5,10,23,14,8,12,5,14,16,13,16,9,20,22,13,23,11,5,15,24,22,22,18,9,16,5,16,24,6,18,10,15,7,21,10,10,13,5,21,10,21,13,10,6,17,7,5,5,21,5,16,16,12,15,9,18,20,8,9,5,22,12,7,9,8,8,14,8,21,8,11,7,13,5,3
2,10,21,9,17,19,18,12,8,9,12,11,7,9,7,15,20,7,8,8,20,12,6,13,17,12,5,15,7,9,8,8,6,5,12,12,11,13,5,14,15,9,15,9,7,8,16,10,15,6,11,13,9,11,10,5,5,12,9,5,17,22,16,17,11,8,12,5,5,14,8,11,22,15,9,17,12,5,20,5,8,19,9,19,5,22,18,14,5,12,12,19,21,14,6,10,6,5,15,7,11,16,5,16,5,11,12,10,20,5,19,18,5,5,18,7,5,6,19,23,22,10,22,13,8,5,22,13,14,5,12,16,18,17,5,5,11,17,15,9,7,6,11,12,5,6,14,19,7,5,6,13,6,19,7,8,16,8,13,15,20,15,22,9,8,8,15,5,24,20,13,6,16,9,11,5,5,7,23,12,20,20,10,15,6,8,14,11,24,10,5,7,23,11,19,6,9,21,8,15,13,13,6,5,19,16,7,14,10,9,11,14,18,5,19,13,11,19,13,15,5,7,15,16,14,9,8,8,24,16,7,8,15,10,21,16,14,20,12,16,10,19,16,12,24,6,13,18,14,19,10,12,8,8,16,16,5,14,9,14,7,13,10,5,5,10,18,21,5,22,20,14,16,17,12,13,11,10,6,12,6,6,5,6,22,16,19,19,18,14,8,15,12,16,8,16,22,5,13,3,0,0,0,0,0,0,0,0,0,0,0,0,0,0,0,0,0,0,0,0,0,0,0,0,0,0,0,0,0,0,0,0,0,0,0,0,0,0,0,0,0,0,0,0,0,0,0,0,0,0,0,0,0,0,0,0,0,0,0,0,0,0,0,0,0,0,0,0,0,0,0,0,0,0,0,0,0,0,0,0,0,0,0,0,0,0,0,0,0,0,0,0,0,0,0,0,0,0,0,0,0,0,0,0,0,0,0,0,0,0,0,0,0,0,0,0
