0,693,693,285,263,51,13,51,2,1,1,1,1,1,1,1,1,1,1,1,1,1,1,1,1,1,1,1,1,1,1,1,1,1,1,1,1,1,1,1,1,1,1,1,1,1,1,1,1,1,1,1,1,1,1,1,1,1,1,1,1,1,1,1,1,1,1,1,1,1,1,1,1,1,1,1,1,1,1,1,1,1,1,1,1,1,1,1,1,1,1,1,1,1,1,1,1,1,1,1,1,1,1,1,1,1,1,1,1,1,1,1,1,1,1,1,1,1,1,1,1,1,1,1,1,1,1,1,1,1,1,1,1,1,1,1,1,1,1,1,1,1,1,1,1,1,1,1,1,1,1,1,1,1,1,1,1,1,1,1,1,1,1,1,1,1,1,1,1,1,1
0,279,63,39,36,44,65,21,51,63,39,36,44,265,312,22,276,12,71,22,13,50,263,51,295,51,272,39,266,44,318,39,36,44,318,39,36,44,65,21,51,13,51,13,51,2,1,1,1,1,1,1,1,1,1,1,1,1,1,1,1,1,1,1,1,1,1,1,1,1,1,1,1,1,1,1,1,1,1,1,1,1,1,1,1,1,1,1,1,1,1,1,1,1,1,1,1,1,1,1,1,1,1,1,1,1,1,1,1,1,1,1,1,1,1,1,1,1,1,1,1,1,1,1,1,1,1,1,1,1,1,1,1,1,1,1,1,1,1,1,1,1,1,1,1,1,1,1,1,1,1,1,1,1,1,1,1,1,1,1,1,1,1,1,1,1,1,1,1,1,1
0,282,21,264,12,261,21,13,71,21,71,12,424,21,71,21,261,12,39,12,39,13,39,13,71,12,261,21,51,13,51,13,268,263,51,13,39,21,33,262,21,2,1,1,1,1,1,1,1,1,1,1,1,1,1,1,1,1,1,1,1,1,1,1,1,1,1,1,1,1,1,1,1,1,1,1,1,1,1,1,1,1,1,1,1,1,1,1,1,1,1,1,1,1,1,1,1,1,1,1,1,1,1,1,1,1,1,1,1,1,1,1,1,1,1,1,1,1,1,1,1,1,1,1,1,1,1,1,1,1,1,1,1,1,1,1,1,1,1,1,1,1,1,1,1,1,1,1,1,1,1,1,1,1,1,1,1,1,1,1,1,1,1,1,1,1,1,1,1,1,1
0,279,63,39,266,44,265,39,263,51,13,50,63,39,266,44,318,39,36,44,265,262,13,39,13,39,263,51,13,51,13,268,263,51,272,39,36,44,265,262,21,33,286,33,39,22,63,39,266,44,65,21,39,33,262,33,39,22,13,268,263,51,272,39,36,44,265,262,263,51,13,51,272,273,23,274,2,1,1,1,1,1,1,1,1,1,1,1,1,1,1,1,1,1,1,1,1,1,1,1,1,1,1,1,1,1,1,1,1,1,1,1,1,1,1,1,1,1,1,1,1,1,1,1,1,1,1,1,1,1,1,1,1,1,1,1,1,1,1,1,1,1,1,1,1,1,1,1,1,1,1,1,1,1,1,1,1,1,1,1,1,1,1,1,1,1,1,1,1,1,1
0,275,63,39,266,44,65,21,63,39,36,44,265,51,63,39,36,44,318,39,266,44,65,21,51,13,82,21,264,263,51,272,290,65,71,21,33,51,272,39,36,44,265,39,263,51,13,50,13,51,63,39,36,44,65,21,279,263,39,63,39,266,44,318,39,266,44,65,21,51,13,51,13,39,263,51,13,50,63,39,36,44,65,21,429,21,33,51,2,1,1,1,1,1,1,1,1,1,1,1,1,1,1,1,1,1,1,1,1,1,1,1,1,1,1,1,1,1,1,1,1,1,1,1,1,1,1,1,1,1,1,1,1,1,1,1,1,1,1,1,1,1,1,1,1,1,1,1,1,1,1,1,1,1,1,1,1,1,1,1,1,1,1,1,1,1,1,1,1,1,1
0,279,263,51,272,39,266,44,265,268,21,33,268,12,39,281,39,13,267,22,71,21,276,22,13,267,21,269,21,2,1,1,1,1,1,1,1,1,1,1,1,1,1,1,1,1,1,1,1,1,1,1,1,1,1,1,1,1,1,1,1,1,1,1,1,1,1,1,1,1,1,1,1,1,1,1,1,1,1,1,1,1,1,1,1,1,1,1,1,1,1,1,1,1,1,1,1,1,1,1,1,1,1,1,1,1,1,1,1,1,1,1,1,1,1,1,1,1,1,1,1,1,1,1,1,1,1,1,1,1,1,1,1,1,1,1,1,1,1,1,1,1,1,1,1,1,1,1,1,1,1,1,1,1,1,1,1,1,1,1,1,1,1,1,1,1,1,1,1,1,1
0,267,21,264,12,261,21,71,21,264,22,71,12,71,21,272,290,65,71,263,51,13,82,22,39,13,268,263,51,13,71,21,276,12,71,21,13,39,12,42,281,42,13,42,2,1,1,1,1,1,1,1,1,1,1,1,1,1,1,1,1,1,1,1,1,1,1,1,1,1,1,1,1,1,1,1,1,1,1,1,1,1,1,1,1,1,1,1,1,1,1,1,1,1,1,1,1,1,1,1,1,1,1,1,1,1,1,1,1,1,1,1,1,1,1,1,1,1,1,1,1,1,1,1,1,1,1,1,1,1,1,1,1,1,1,1,1,1,1,1,1,1,1,1,1,1,1,1,1,1,1,1,1,1,1,1,1,1,1,1,1,1,1,1,1,1,1,1,1,1,1
0,51,63,39,36,44,65,21,51,63,39,36,44,265,647,263,51,281,51,13,51,272,39,36,44,318,39,36,44,318,39,36,44,65,21,51,13,51,13,51,2,1,1,1,1,1,1,1,1,1,1,1,1,1,1,1,1,1,1,1,1,1,1,1,1,1,1,1,1,1,1,1,1,1,1,1,1,1,1,1,1,1,1,1,1,1,1,1,1,1,1,1,1,1,1,1,1,1,1,1,1,1,1,1,1,1,1,1,1,1,1,1,1,1,1,1,1,1,1,1,1,1,1,1,1,1,1,1,1,1,1,1,1,1,1,1,1,1,1,1,1,1,1,1,1,1,1,1,1,1,1,1,1,1,1,1,1,1,1,1,1,1,1,1,1,1,1,1,1,1,1
0,262,63,39,266,44,318,39,266,44,265,39,263,51,13,50,63,39,36,44,265,39,263,51,13,322,263,51,13,50,63,39,36,44,265,39,263,51,13,50,63,39,36,44,265,39,263,51,13,50,63,39,36,44,265,39,263,51,13,50,21,271,63,39,36,44,65,21,39,263,51,13,50,63,39,36,44,265,39,263,51,13,50,63,39,36,44,265,39,263,51,13,51,13,262,263,51,13,50,272,39,36,44,265,262,13,39,13,267,21,264,12,261,21,13,51,272,39,36,44,265,51,13,39,272,39,36,44,265,51,13,39,13,39,12,39,13,39,13,268,263,51,272,39,266,44,265,268,263,51,272,39,36,44,265,267,21,269,21,272,273,23,337,262,263,51,13,50,13,39,2
0,323,63,39,266,44,65,21,369,21,71,21,261,12,322,22,33,262,33,286,12,39,22,13,51,13,82,22,71,12,82,21,13,71,12,262,13,311,22,2,1,1,1,1,1,1,1,1,1,1,1,1,1,1,1,1,1,1,1,1,1,1,1,1,1,1,1,1,1,1,1,1,1,1,1,1,1,1,1,1,1,1,1,1,1,1,1,1,1,1,1,1,1,1,1,1,1,1,1,1,1,1,1,1,1,1,1,1,1,1,1,1,1,1,1,1,1,1,1,1,1,1,1,1,1,1,1,1,1,1,1,1,1,1,1,1,1,1,1,1,1,1,1,1,1,1,1,1,1,1,1,1,1,1,1,1,1,1,1,1,1,1,1,1,1,1,1,1,1,1,1
